Part No,Type of Product,Overall Length (mm),Thread Length (mm),Head Thickness (mm),Flat (mm),Corner (mm),Label,Predicted_Label,Predicted Label
SB0001,Screw,20,17,4.5,3.2,3.8,Select,1,Select
SB0002,Screw,38,34,4.1,3.1,3.7,Reject,0,Reject
SB0003,Screw,37,35,5.4,4.1,4.8,Select,1,Select
SB0004,Bolt,58,53,8.0,4.5,5.6,Select,1,Select
SB0005,Bolt,50,45,6.4,5.9,6.8,Select,1,Select
SB0006,Screw,32,31,4.7,3.5,4.1,Reject,0,Reject
SB0007,Screw,34,29,4.2,4.4,4.9,Select,1,Select
SB0008,Bolt,66,59,8.2,5.0,5.9,Select,1,Select
SB0009,Screw,21,19,5.5,4.5,5.4,Select,1,Select
SB0010,Screw,32,29,4.9,4.3,4.9,Reject,0,Reject
SB0011,Bolt,46,41,7.8,5.5,6.3,Select,1,Reject
SB0012,Screw,37,35,4.3,3.6,4.6,Select,1,Reject
SB0013,Screw,30,29,4.5,3.0,3.7,Select,1,Select
SB0014,Bolt,42,38,8.3,5.4,6.5,Select,1,Select
SB0015,Screw,40,36,4.8,4.4,5.1,Reject,0,Reject
SB0016,Bolt,44,40,7.9,5.3,6.4,Select,1,Select
SB0017,Bolt,68,61,7.0,4.8,6.0,Reject,0,Reject
SB0018,Bolt,42,39,8.2,4.7,5.6,Reject,0,Reject
SB0019,Bolt,59,56,7.0,5.4,6.4,Reject,0,Reject
SB0020,Bolt,57,54,7.7,4.7,5.9,Select,1,Select
SB0021,Bolt,64,59,6.3,5.2,6.2,Reject,0,Reject
SB0022,Bolt,56,52,7.3,4.7,5.8,Select,1,Select
SB0023,Screw,24,21,5.5,3.8,4.7,Reject,0,Reject
SB0024,Screw,39,36,5.0,3.2,3.9,Reject,0,Reject
SB0025,Bolt,47,44,6.6,5.4,6.2,Reject,0,Reject
SB0026,Bolt,66,63,8.4,5.3,6.2,Reject,0,Select
SB0027,Bolt,70,63,6.4,5.3,6.3,Reject,0,Reject
SB0028,Screw,37,35,5.4,3.6,4.4,Reject,0,Reject
SB0029,Bolt,54,47,7.1,4.9,5.7,Reject,0,Reject
SB0030,Screw,38,33,4.5,3.3,3.8,Reject,0,Reject
SB0031,Screw,27,26,5.8,4.3,4.8,Select,1,Reject
SB0032,Screw,28,24,4.4,3.2,4.2,Select,1,Select
SB0033,Bolt,47,41,8.0,4.8,5.6,Reject,0,Reject
SB0034,Bolt,51,45,7.0,5.8,6.6,Reject,0,Reject
SB0035,Screw,21,17,5.5,4.2,4.8,Reject,0,Reject
SB0036,Screw,26,21,4.9,3.6,4.2,Select,1,Select
SB0037,Screw,22,18,5.6,4.3,4.8,Reject,0,Reject
SB0038,Screw,22,20,4.3,3.7,4.3,Select,1,Select
SB0039,Bolt,68,65,6.4,4.5,5.5,Select,1,Select
SB0040,Bolt,49,43,7.7,5.6,6.7,Select,1,Select
SB0041,Bolt,44,40,6.7,6.0,7.0,Select,1,Select
SB0042,Screw,30,29,4.1,3.7,4.7,Select,1,Select
SB0043,Screw,21,16,4.2,3.3,4.1,Reject,0,Reject
SB0044,Screw,32,31,5.9,3.9,4.7,Reject,0,Reject
SB0045,Screw,39,38,4.8,3.9,4.7,Reject,0,Select
SB0046,Bolt,46,41,6.6,5.1,6.2,Reject,0,Reject
SB0047,Bolt,54,49,8.3,5.9,6.7,Reject,0,Reject
SB0048,Screw,22,17,4.4,3.4,4.4,Select,1,Select
SB0049,Screw,27,24,4.6,3.7,4.5,Reject,0,Reject
SB0050,Bolt,59,52,6.0,5.7,6.6,Reject,0,Reject
SB0051,Screw,24,21,4.2,3.2,4.0,Select,1,Select
SB0052,Bolt,49,42,6.5,5.0,6.1,Reject,0,Reject
SB0053,Bolt,56,50,6.6,5.9,6.7,Select,1,Select
SB0054,Bolt,66,61,6.1,5.0,5.9,Reject,0,Reject
SB0055,Bolt,45,39,7.4,5.1,5.9,Select,1,Reject
SB0056,Screw,24,19,4.1,3.6,4.4,Reject,0,Select
SB0057,Bolt,44,41,6.8,5.8,6.9,Reject,0,Reject
SB0058,Screw,31,29,5.4,4.0,4.7,Select,1,Select
SB0059,Bolt,59,55,8.3,4.9,5.8,Select,1,Select
SB0060,Screw,33,32,4.4,4.4,5.3,Select,1,Reject
SB0061,Bolt,65,61,6.7,5.7,6.5,Select,1,Reject
SB0062,Screw,35,33,4.4,4.4,5.1,Select,1,Select
SB0063,Screw,27,26,5.3,3.6,4.2,Select,1,Select
SB0064,Screw,28,25,5.3,3.6,4.6,Select,1,Select
SB0065,Bolt,70,67,6.3,6.0,6.9,Select,1,Select
SB0066,Bolt,41,38,7.5,5.0,6.1,Reject,0,Reject
SB0067,Bolt,59,52,6.3,5.8,6.7,Reject,0,Reject
SB0068,Screw,33,32,5.0,4.2,5.0,Select,1,Select
SB0069,Screw,31,27,4.1,4.0,4.7,Reject,0,Select
SB0070,Bolt,61,58,7.8,5.0,5.9,Reject,0,Reject
SB0071,Bolt,50,44,7.7,5.3,6.2,Reject,0,Reject
SB0072,Bolt,61,57,7.5,5.0,6.0,Reject,0,Reject
SB0073,Screw,29,26,4.4,4.2,5.0,Select,1,Select
SB0074,Bolt,54,48,7.1,4.8,5.8,Reject,0,Reject
SB0075,Screw,22,19,5.0,3.9,4.6,Select,1,Select
SB0076,Screw,29,27,5.6,3.2,3.7,Reject,0,Reject
SB0077,Bolt,59,56,7.1,5.8,6.8,Reject,0,Reject
SB0078,Bolt,55,49,6.6,5.5,6.3,Reject,0,Reject
SB0079,Screw,33,31,4.4,4.4,5.2,Select,1,Reject
SB0080,Screw,37,35,5.8,3.2,3.8,Reject,0,Reject
SB0081,Bolt,61,54,8.5,5.4,6.6,Select,1,Select
SB0082,Bolt,59,52,7.1,5.9,6.9,Reject,0,Reject
SB0083,Screw,35,31,4.5,3.4,4.2,Select,1,Select
SB0084,Bolt,60,56,6.7,4.6,5.5,Reject,0,Reject
SB0085,Bolt,50,45,8.2,4.6,5.5,Select,1,Select
SB0086,Bolt,62,58,7.8,4.6,5.6,Select,1,Select
SB0087,Bolt,53,50,6.5,5.1,6.3,Reject,0,Select
SB0088,Screw,38,34,5.0,4.4,5.0,Select,1,Select
SB0089,Bolt,67,61,7.3,5.6,6.7,Reject,0,Reject
SB0090,Screw,35,33,4.5,3.7,4.4,Reject,0,Reject
SB0091,Bolt,63,59,8.1,5.9,7.1,Reject,0,Reject
SB0092,Screw,32,27,5.1,3.0,3.8,Reject,0,Reject
SB0093,Screw,34,32,4.1,3.6,4.2,Reject,0,Select
SB0094,Bolt,50,44,6.7,5.9,6.9,Reject,0,Reject
SB0095,Screw,35,34,5.5,3.1,4.1,Reject,0,Reject
SB0096,Screw,40,39,5.6,4.0,4.9,Reject,0,Reject
SB0097,Screw,26,25,5.2,3.4,4.1,Reject,0,Select
SB0098,Screw,38,36,4.9,3.4,4.1,Reject,0,Reject
SB0099,Screw,25,22,4.2,3.0,3.7,Reject,0,Reject
SB0100,Bolt,52,48,6.2,5.5,6.6,Select,1,Select
SB0101,Screw,29,24,5.6,4.2,5.0,Select,1,Select
SB0102,Screw,31,26,4.9,3.6,4.4,Reject,0,Select
SB0103,Bolt,40,34,8.1,4.7,5.9,Reject,0,Reject
SB0104,Bolt,62,58,7.1,5.6,6.8,Reject,0,Reject
SB0105,Bolt,59,52,7.9,5.2,6.3,Reject,0,Reject
SB0106,Bolt,50,46,8.1,4.6,5.8,Reject,0,Reject
SB0107,Screw,34,29,5.2,3.6,4.1,Reject,0,Reject
SB0108,Bolt,45,39,6.5,5.7,6.6,Reject,0,Select
SB0109,Bolt,57,54,7.3,4.8,5.7,Reject,0,Reject
SB0110,Bolt,55,48,7.9,5.5,6.6,Select,1,Select
SB0111,Bolt,54,51,6.2,4.8,5.9,Reject,0,Reject
SB0112,Bolt,61,54,6.9,5.3,6.2,Select,1,Select
SB0113,Bolt,51,45,6.7,4.9,5.7,Reject,0,Reject
SB0114,Screw,30,29,5.5,4.4,5.2,Reject,0,Reject
SB0115,Screw,26,22,4.6,3.9,4.8,Select,1,Select
SB0116,Bolt,43,39,6.7,5.0,5.9,Reject,0,Select
SB0117,Screw,28,27,5.9,3.8,4.6,Select,1,Select
SB0118,Screw,40,36,4.2,3.0,3.6,Reject,0,Reject
SB0119,Bolt,54,49,6.5,4.6,5.8,Reject,0,Reject
SB0120,Bolt,43,40,7.0,4.6,5.7,Select,1,Select
SB0121,Screw,24,22,5.6,4.4,4.9,Reject,0,Reject
SB0122,Screw,23,18,5.5,3.9,4.8,Select,1,Select
SB0123,Screw,36,32,4.9,3.7,4.6,Reject,0,Reject
SB0124,Bolt,49,42,7.6,5.4,6.5,Select,1,Select
SB0125,Screw,40,38,4.5,3.1,3.7,Select,1,Select
SB0126,Screw,25,24,4.8,4.0,4.7,Reject,0,Reject
SB0127,Screw,27,24,5.4,4.1,4.8,Reject,0,Reject
SB0128,Screw,28,23,5.3,4.4,5.1,Select,1,Select
SB0129,Screw,40,38,5.8,4.2,4.7,Reject,0,Reject
SB0130,Screw,29,24,5.5,3.9,4.5,Reject,0,Reject
SB0131,Screw,34,31,5.4,4.4,5.2,Reject,0,Reject
SB0132,Bolt,54,51,7.5,5.8,6.9,Select,1,Select
SB0133,Bolt,40,37,6.6,5.5,6.6,Select,1,Select
SB0134,Screw,28,23,4.1,4.1,4.8,Select,1,Select
SB0135,Bolt,69,64,6.5,5.4,6.5,Select,1,Select
SB0136,Bolt,42,36,6.9,5.0,6.1,Select,1,Select
SB0137,Screw,30,26,5.4,3.4,4.4,Select,1,Select
SB0138,Screw,34,33,4.6,3.5,4.5,Select,1,Reject
SB0139,Bolt,67,60,8.1,4.5,5.6,Select,1,Select
SB0140,Bolt,53,50,6.5,5.0,6.1,Select,1,Select
SB0141,Bolt,64,61,6.5,5.3,6.5,Reject,0,Reject
SB0142,Bolt,68,62,6.3,6.0,7.0,Select,1,Select
SB0143,Screw,25,22,5.1,3.8,4.3,Reject,0,Reject
SB0144,Screw,34,33,5.3,3.2,4.2,Reject,0,Reject
SB0145,Bolt,56,51,7.0,5.2,6.2,Reject,0,Reject
SB0146,Bolt,57,53,7.0,5.9,6.9,Select,1,Select
SB0147,Screw,22,19,5.5,4.3,5.0,Select,1,Select
SB0148,Bolt,66,63,6.7,4.9,5.9,Select,1,Select
SB0149,Bolt,67,63,7.1,5.2,6.1,Select,1,Select
SB0150,Bolt,54,49,8.2,6.0,6.9,Reject,0,Reject
SB0151,Bolt,47,41,6.1,5.6,6.7,Select,1,Select
SB0152,Bolt,52,48,7.2,4.6,5.6,Select,1,Select
SB0153,Bolt,67,64,8.2,5.2,6.2,Select,1,Select
SB0154,Bolt,40,36,7.0,5.5,6.4,Select,1,Select
SB0155,Bolt,65,60,6.8,5.5,6.6,Select,1,Select
SB0156,Bolt,67,60,7.0,5.0,6.1,Reject,0,Select
SB0157,Bolt,67,60,6.1,4.6,5.7,Select,1,Select
SB0158,Bolt,47,44,7.1,4.6,5.7,Reject,0,Reject
SB0159,Screw,34,32,5.4,4.4,4.9,Select,1,Reject
SB0160,Screw,29,26,4.7,3.2,4.0,Reject,0,Reject
SB0161,Screw,25,23,4.2,4.3,5.1,Select,1,Select
SB0162,Screw,35,30,4.3,3.7,4.3,Select,1,Select
SB0163,Bolt,61,58,8.2,5.2,6.1,Reject,0,Reject
SB0164,Screw,22,18,5.9,4.5,5.1,Reject,0,Reject
SB0165,Bolt,62,57,7.1,5.0,6.2,Reject,0,Reject
SB0166,Bolt,43,39,7.0,5.0,5.9,Select,1,Select
SB0167,Bolt,40,34,6.7,5.3,6.4,Reject,0,Reject
SB0168,Screw,39,35,5.7,4.4,5.3,Select,1,Select
SB0169,Screw,39,36,4.4,3.3,3.9,Select,1,Reject
SB0170,Screw,40,39,5.8,4.0,4.7,Reject,0,Reject
SB0171,Bolt,41,34,6.9,4.7,5.9,Reject,0,Reject
SB0172,Bolt,63,57,6.4,4.7,5.7,Select,1,Select
SB0173,Bolt,56,49,8.3,5.7,6.6,Select,1,Select
SB0174,Bolt,70,65,7.9,5.0,5.8,Reject,0,Reject
SB0175,Screw,24,22,5.7,4.1,5.1,Reject,0,Reject
SB0176,Bolt,42,36,6.0,5.3,6.3,Reject,0,Reject
SB0177,Bolt,58,52,8.1,5.9,6.7,Select,1,Select
SB0178,Screw,35,34,5.2,4.4,5.1,Select,1,Select
SB0179,Screw,40,39,5.3,3.7,4.6,Select,1,Select
SB0180,Bolt,43,39,6.1,4.6,5.8,Select,1,Select
SB0181,Screw,23,21,5.8,3.2,3.9,Select,1,Select
SB0182,Bolt,58,54,8.2,5.5,6.6,Select,1,Reject
SB0183,Bolt,70,65,6.1,5.1,6.1,Reject,0,Reject
SB0184,Screw,31,30,6.0,3.6,4.6,Select,1,Select
SB0185,Bolt,41,35,6.7,6.0,7.2,Select,1,Select
SB0186,Bolt,42,38,7.6,5.4,6.2,Select,1,Select
SB0187,Bolt,47,43,8.0,4.8,5.9,Reject,0,Reject
SB0188,Screw,38,36,5.6,3.3,4.2,Select,1,Select
SB0189,Screw,28,26,6.0,3.8,4.7,Select,1,Select
SB0190,Screw,20,18,4.0,4.2,4.8,Reject,0,Reject
SB0191,Bolt,40,36,6.7,4.7,5.7,Select,1,Select
SB0192,Screw,22,18,4.9,3.5,4.3,Select,1,Reject
SB0193,Bolt,56,52,8.4,4.6,5.7,Select,1,Select
SB0194,Bolt,54,51,6.2,5.2,6.2,Select,1,Select
SB0195,Screw,35,31,4.1,3.1,3.9,Select,1,Select
SB0196,Screw,24,21,5.2,3.9,4.8,Reject,0,Reject
SB0197,Bolt,59,52,6.7,5.3,6.3,Reject,0,Reject
SB0198,Screw,40,35,5.4,3.3,4.0,Reject,0,Reject
SB0199,Screw,33,30,5.7,3.6,4.5,Select,1,Reject
SB0200,Bolt,53,48,7.7,5.1,6.0,Select,1,Select
SB0201,Bolt,42,39,8.1,4.6,5.4,Select,1,Select
SB0202,Bolt,65,61,7.4,5.4,6.4,Reject,0,Reject
SB0203,Bolt,61,58,7.0,5.8,7.0,Select,1,Select
SB0204,Bolt,67,64,8.4,5.4,6.3,Select,1,Select
SB0205,Screw,24,20,4.4,3.2,4.1,Reject,0,Reject
SB0206,Bolt,43,38,7.4,5.7,6.8,Select,1,Select
SB0207,Screw,39,36,4.1,3.4,4.3,Reject,0,Reject
SB0208,Bolt,51,48,6.5,4.7,5.8,Reject,0,Reject
SB0209,Screw,24,23,4.2,3.8,4.5,Reject,0,Reject
SB0210,Bolt,50,46,6.9,5.6,6.7,Select,1,Select
SB0211,Screw,21,19,4.3,3.9,4.7,Select,1,Reject
SB0212,Bolt,54,48,7.2,5.2,6.1,Select,1,Select
SB0213,Screw,31,27,4.2,4.0,4.8,Select,1,Select
SB0214,Bolt,41,37,7.0,5.4,6.2,Select,1,Select
SB0215,Bolt,70,66,7.9,5.6,6.5,Select,1,Select
SB0216,Screw,20,16,5.5,3.3,4.0,Select,1,Reject
SB0217,Screw,36,31,5.7,4.2,4.7,Reject,0,Reject
SB0218,Screw,33,32,4.9,3.1,3.8,Select,1,Select
SB0219,Bolt,58,52,7.8,5.1,5.9,Reject,0,Reject
SB0220,Screw,30,28,5.6,3.9,4.8,Select,1,Select
SB0221,Bolt,42,36,8.1,4.9,5.9,Select,1,Select
SB0222,Screw,32,29,5.5,3.3,4.2,Select,1,Reject
SB0223,Screw,36,35,5.1,3.3,4.2,Reject,0,Reject
SB0224,Bolt,63,59,6.6,4.7,5.6,Reject,0,Reject
SB0225,Screw,40,39,4.4,4.2,4.9,Reject,0,Reject
SB0226,Bolt,61,54,7.6,6.0,6.9,Reject,0,Reject
SB0227,Bolt,44,38,6.2,5.2,6.1,Select,1,Select
SB0228,Bolt,58,55,6.9,4.6,5.6,Reject,0,Reject
SB0229,Screw,21,18,5.7,3.1,4.0,Select,1,Reject
SB0230,Screw,39,34,5.0,3.7,4.5,Select,1,Select
SB0231,Screw,34,29,5.3,3.5,4.2,Reject,0,Reject
SB0232,Screw,21,17,4.2,4.3,5.0,Reject,0,Reject
SB0233,Screw,36,34,4.1,4.1,5.1,Reject,0,Reject
SB0234,Screw,31,28,5.8,3.6,4.5,Reject,0,Reject
SB0235,Screw,40,37,4.1,3.1,3.9,Reject,0,Select
SB0236,Bolt,48,41,8.2,5.0,6.0,Reject,0,Reject
SB0237,Screw,31,28,5.9,4.0,4.7,Reject,0,Reject
SB0238,Screw,29,24,4.8,4.2,5.1,Reject,0,Select
SB0239,Screw,40,36,5.0,3.0,3.7,Select,1,Reject
SB0240,Screw,30,26,4.4,4.5,5.1,Reject,0,Reject
SB0241,Bolt,67,64,7.3,5.3,6.4,Reject,0,Select
SB0242,Screw,30,25,4.3,3.6,4.2,Select,1,Select
SB0243,Screw,34,33,4.8,4.0,4.6,Reject,0,Select
SB0244,Bolt,59,54,7.9,5.7,6.6,Select,1,Select
SB0245,Screw,29,25,5.8,3.3,4.1,Select,1,Select
SB0246,Bolt,54,49,7.9,5.3,6.3,Reject,0,Reject
SB0247,Screw,26,21,4.3,3.4,4.2,Select,1,Select
SB0248,Bolt,57,54,7.8,5.3,6.1,Select,1,Reject
SB0249,Screw,25,22,4.9,3.8,4.7,Select,1,Reject
SB0250,Screw,27,23,5.8,4.4,5.1,Select,1,Select
SB0251,Bolt,56,51,6.6,6.0,6.9,Reject,0,Reject
SB0252,Screw,30,29,5.7,4.0,4.9,Select,1,Select
SB0253,Screw,21,18,5.8,3.7,4.6,Reject,0,Reject
SB0254,Bolt,54,47,6.0,4.6,5.5,Select,1,Select
SB0255,Screw,37,32,5.1,3.2,3.8,Select,1,Reject
SB0256,Bolt,43,40,6.6,5.5,6.5,Select,1,Select
SB0257,Screw,23,19,5.2,3.0,3.8,Select,1,Select
SB0258,Screw,24,21,4.9,3.9,4.5,Reject,0,Reject
SB0259,Bolt,45,42,7.3,5.0,6.2,Reject,0,Reject
SB0260,Screw,32,28,4.1,3.6,4.3,Select,1,Reject
SB0261,Screw,31,30,4.7,4.1,4.9,Select,1,Reject
SB0262,Bolt,44,41,6.9,5.0,6.1,Reject,0,Reject
SB0263,Bolt,62,56,7.6,5.7,6.5,Select,1,Select
SB0264,Bolt,41,36,6.5,5.7,6.9,Select,1,Select
SB0265,Bolt,69,64,7.3,6.0,7.0,Select,1,Select
SB0266,Bolt,41,37,6.7,5.8,6.6,Reject,0,Select
SB0267,Bolt,48,45,8.0,5.2,6.2,Reject,0,Reject
SB0268,Bolt,68,62,6.8,4.8,5.9,Reject,0,Reject
SB0269,Bolt,69,62,6.7,4.6,5.6,Select,1,Select
SB0270,Bolt,59,55,7.4,5.0,5.8,Select,1,Select
SB0271,Bolt,49,43,7.5,5.1,6.2,Reject,0,Reject
SB0272,Bolt,54,51,7.8,5.9,6.9,Reject,0,Reject
SB0273,Bolt,48,45,6.2,5.5,6.4,Reject,0,Reject
SB0274,Screw,20,18,5.7,4.0,4.7,Reject,0,Reject
SB0275,Screw,22,20,5.6,3.5,4.2,Select,1,Select
SB0276,Screw,39,37,5.4,4.4,5.1,Reject,0,Reject
SB0277,Screw,38,36,5.1,3.6,4.4,Select,1,Reject
SB0278,Screw,23,22,5.5,3.7,4.4,Reject,0,Reject
SB0279,Screw,28,25,5.4,3.3,4.1,Select,1,Select
SB0280,Bolt,46,43,6.3,4.6,5.5,Reject,0,Reject
SB0281,Bolt,42,37,7.7,5.6,6.6,Reject,0,Select
SB0282,Bolt,68,63,8.1,5.6,6.8,Reject,0,Select
SB0283,Screw,31,26,4.4,4.5,5.4,Reject,0,Reject
SB0284,Screw,35,34,4.7,3.9,4.6,Select,1,Select
SB0285,Screw,39,38,4.1,3.6,4.5,Reject,0,Reject
SB0286,Bolt,56,50,7.9,5.7,6.5,Select,1,Select
SB0287,Bolt,60,57,7.1,5.5,6.4,Select,1,Select
SB0288,Screw,24,20,5.0,4.3,5.2,Select,1,Select
SB0289,Screw,29,27,4.3,4.4,5.0,Select,1,Select
SB0290,Bolt,67,64,6.6,5.5,6.5,Reject,0,Select
SB0291,Screw,40,37,5.2,3.1,3.9,Select,1,Select
SB0292,Screw,25,20,5.4,3.9,4.8,Select,1,Select
SB0293,Screw,20,19,4.1,4.0,4.8,Select,1,Reject
SB0294,Screw,38,34,5.2,3.0,3.9,Reject,0,Reject
SB0295,Bolt,60,55,7.2,5.7,6.8,Reject,0,Select
SB0296,Bolt,54,51,7.7,4.7,5.7,Reject,0,Reject
SB0297,Bolt,46,41,7.5,5.0,6.1,Reject,0,Reject
SB0298,Bolt,52,48,7.9,5.3,6.1,Select,1,Select
SB0299,Screw,34,33,4.5,3.4,3.9,Select,1,Reject
SB0300,Bolt,70,64,8.2,5.1,6.3,Reject,0,Reject
SB0301,Screw,30,25,5.4,3.3,3.9,Select,1,Select
SB0302,Bolt,55,50,7.2,4.6,5.6,Select,1,Select
SB0303,Bolt,70,66,6.5,5.0,5.8,Select,1,Select
SB0304,Bolt,59,53,6.7,4.5,5.3,Reject,0,Reject
SB0305,Screw,28,25,5.5,3.5,4.2,Reject,0,Reject
SB0306,Screw,31,26,4.6,3.6,4.3,Select,1,Select
SB0307,Bolt,66,59,7.7,4.7,5.9,Reject,0,Reject
SB0308,Bolt,51,46,7.4,5.0,5.9,Reject,0,Reject
SB0309,Bolt,56,53,6.1,4.7,5.6,Reject,0,Reject
SB0310,Bolt,56,50,6.4,5.8,6.7,Reject,0,Reject
SB0311,Bolt,45,39,8.5,5.6,6.5,Reject,0,Select
SB0312,Bolt,56,49,7.3,5.6,6.5,Select,1,Select
SB0313,Screw,31,28,5.3,4.5,5.3,Reject,0,Reject
SB0314,Screw,39,35,4.5,4.0,5.0,Select,1,Select
SB0315,Screw,21,16,5.0,3.8,4.7,Select,1,Reject
SB0316,Bolt,44,40,6.1,5.9,6.7,Reject,0,Reject
SB0317,Screw,34,31,4.8,3.6,4.2,Select,1,Select
SB0318,Bolt,67,64,7.8,5.3,6.3,Select,1,Select
SB0319,Bolt,56,50,6.8,4.8,6.0,Select,1,Reject
SB0320,Bolt,57,52,7.7,5.8,6.9,Reject,0,Reject
SB0321,Bolt,59,53,6.5,4.9,5.9,Reject,0,Reject
SB0322,Screw,29,26,5.4,4.0,4.7,Select,1,Select
SB0323,Bolt,51,44,8.3,5.7,6.6,Reject,0,Reject
SB0324,Screw,38,33,4.8,4.5,5.4,Reject,0,Reject
SB0325,Screw,29,28,4.6,4.1,4.8,Reject,0,Select
SB0326,Bolt,60,55,7.9,4.8,5.9,Reject,0,Reject
SB0327,Bolt,69,62,7.7,4.7,5.7,Select,1,Select
SB0328,Screw,27,26,5.3,3.8,4.6,Select,1,Select
SB0329,Screw,23,19,4.7,3.7,4.5,Reject,0,Reject
SB0330,Screw,20,15,6.0,3.2,4.0,Reject,0,Reject
SB0331,Bolt,55,51,7.9,4.9,5.8,Select,1,Select
SB0332,Screw,22,17,4.5,4.1,5.0,Select,1,Select
SB0333,Screw,25,21,5.8,3.3,4.3,Reject,0,Select
SB0334,Bolt,65,59,6.5,5.6,6.7,Select,1,Select
SB0335,Bolt,68,65,6.0,5.4,6.2,Reject,0,Reject
SB0336,Bolt,49,43,8.5,5.3,6.3,Reject,0,Reject
SB0337,Screw,36,32,4.5,4.2,4.9,Select,1,Select
SB0338,Bolt,60,55,7.8,4.5,5.4,Select,1,Select
SB0339,Bolt,58,54,6.4,5.8,7.0,Reject,0,Reject
SB0340,Bolt,56,51,6.2,5.5,6.4,Reject,0,Reject
SB0341,Screw,35,32,5.9,3.0,3.7,Select,1,Reject
SB0342,Bolt,64,59,8.4,5.0,6.1,Reject,0,Reject
SB0343,Screw,28,25,5.4,3.1,3.7,Select,1,Select
SB0344,Bolt,45,39,7.7,5.9,7.1,Reject,0,Reject
SB0345,Bolt,62,59,7.6,5.9,6.8,Select,1,Select
SB0346,Screw,27,25,5.0,3.7,4.7,Select,1,Select
SB0347,Bolt,53,46,8.3,5.6,6.7,Select,1,Select
SB0348,Screw,27,22,5.7,3.1,3.8,Reject,0,Reject
SB0349,Bolt,42,35,6.3,5.7,6.9,Reject,0,Reject
SB0350,Screw,38,33,4.3,3.5,4.3,Select,1,Reject
SB0351,Screw,26,21,5.0,4.3,5.0,Reject,0,Reject
SB0352,Screw,34,32,5.0,3.7,4.2,Select,1,Reject
SB0353,Bolt,61,56,7.8,5.1,6.2,Select,1,Select
SB0354,Screw,38,37,4.1,3.5,4.0,Reject,0,Reject
SB0355,Screw,22,18,4.1,3.6,4.5,Reject,0,Reject
SB0356,Bolt,51,45,7.1,5.9,6.9,Select,1,Reject
SB0357,Screw,37,35,5.3,3.5,4.1,Reject,0,Reject
SB0358,Bolt,56,52,7.8,4.8,5.6,Reject,0,Reject
SB0359,Screw,29,25,5.3,3.8,4.6,Select,1,Select
SB0360,Screw,27,23,4.7,3.4,4.4,Select,1,Select
SB0361,Screw,21,17,5.2,4.4,5.3,Reject,0,Reject
SB0362,Screw,26,25,4.2,3.1,3.9,Select,1,Reject
SB0363,Screw,27,26,4.8,3.4,4.0,Select,1,Select
SB0364,Screw,24,19,6.0,3.4,4.4,Reject,0,Select
SB0365,Bolt,58,51,7.9,5.7,6.6,Select,1,Select
SB0366,Screw,36,34,4.8,3.4,4.2,Select,1,Select
SB0367,Screw,40,36,5.1,3.1,3.8,Reject,0,Reject
SB0368,Bolt,65,58,6.8,5.1,6.0,Reject,0,Reject
SB0369,Bolt,45,38,7.2,5.8,6.7,Select,1,Select
SB0370,Screw,34,33,5.1,4.5,5.3,Select,1,Select
SB0371,Screw,32,30,4.5,3.5,4.0,Reject,0,Reject
SB0372,Bolt,67,62,6.2,5.6,6.5,Reject,0,Reject
SB0373,Bolt,52,45,7.5,5.8,6.7,Reject,0,Reject
SB0374,Screw,35,33,5.7,3.5,4.5,Reject,0,Reject
SB0375,Screw,26,24,5.9,3.2,4.2,Select,1,Select
SB0376,Bolt,69,65,7.7,5.6,6.6,Reject,0,Reject
SB0377,Screw,37,34,5.6,3.6,4.4,Reject,0,Reject
SB0378,Bolt,49,44,6.9,5.8,6.8,Select,1,Reject
SB0379,Bolt,64,59,8.3,5.1,6.1,Reject,0,Reject
SB0380,Screw,24,23,4.5,4.4,5.2,Select,1,Select
SB0381,Bolt,49,45,6.5,4.8,5.8,Reject,0,Reject
SB0382,Screw,35,30,5.3,4.0,4.6,Reject,0,Select
SB0383,Bolt,70,64,7.2,5.6,6.5,Reject,0,Select
SB0384,Screw,37,33,4.4,4.3,5.3,Select,1,Select
SB0385,Screw,36,35,5.7,3.1,4.0,Select,1,Select
SB0386,Screw,20,16,4.3,3.9,4.4,Reject,0,Reject
SB0387,Screw,20,18,5.0,3.6,4.4,Select,1,Select
SB0388,Bolt,61,55,6.0,5.3,6.3,Select,1,Select
SB0389,Screw,36,33,5.1,3.4,4.2,Select,1,Select
SB0390,Bolt,65,61,6.3,4.6,5.5,Select,1,Reject
SB0391,Screw,39,34,4.5,3.5,4.4,Select,1,Select
SB0392,Screw,31,27,4.9,3.4,4.2,Select,1,Select
SB0393,Bolt,61,58,7.6,5.8,6.9,Reject,0,Select
SB0394,Screw,32,28,4.8,3.7,4.5,Reject,0,Reject
SB0395,Screw,22,18,5.7,4.0,4.7,Select,1,Select
SB0396,Screw,36,35,4.5,4.4,5.2,Reject,0,Reject
SB0397,Bolt,48,45,8.3,5.5,6.4,Reject,0,Reject
SB0398,Screw,25,22,4.0,3.3,3.9,Reject,0,Reject
SB0399,Bolt,69,66,6.7,5.3,6.3,Reject,0,Reject
SB0400,Bolt,61,54,6.8,5.6,6.5,Select,1,Select
SB0401,Screw,36,33,4.1,3.7,4.6,Reject,0,Reject
SB0402,Bolt,59,52,8.4,5.1,6.2,Reject,0,Reject
SB0403,Screw,40,37,5.6,3.7,4.3,Select,1,Select
SB0404,Bolt,53,49,7.7,5.5,6.3,Select,1,Select
SB0405,Bolt,65,61,7.8,4.6,5.5,Reject,0,Reject
SB0406,Screw,32,29,4.7,3.1,4.1,Reject,0,Reject
SB0407,Bolt,51,46,6.3,4.6,5.6,Reject,0,Reject
SB0408,Bolt,43,40,6.2,5.3,6.3,Reject,0,Reject
SB0409,Bolt,67,61,6.0,5.1,6.2,Reject,0,Reject
SB0410,Screw,38,33,4.3,3.6,4.2,Reject,0,Reject
SB0411,Bolt,48,42,6.4,4.8,5.7,Select,1,Select
SB0412,Bolt,55,52,6.9,5.9,7.0,Reject,0,Select
SB0413,Bolt,59,52,6.5,4.7,5.6,Reject,0,Reject
SB0414,Bolt,50,43,6.9,5.8,6.8,Select,1,Select
SB0415,Bolt,66,59,6.3,5.0,6.2,Select,1,Select
SB0416,Screw,35,32,4.4,3.6,4.3,Select,1,Select
SB0417,Bolt,70,63,8.0,5.0,5.9,Select,1,Select
SB0418,Bolt,51,48,8.3,4.8,6.0,Reject,0,Reject
SB0419,Screw,37,36,5.9,3.7,4.6,Reject,0,Reject
SB0420,Bolt,65,60,8.1,4.6,5.7,Reject,0,Reject
SB0421,Bolt,61,55,6.3,5.0,5.9,Reject,0,Reject
SB0422,Screw,33,29,4.1,4.5,5.2,Reject,0,Reject
SB0423,Bolt,57,50,8.3,5.8,6.8,Reject,0,Reject
SB0424,Screw,31,26,5.2,4.4,5.0,Select,1,Select
SB0425,Screw,31,29,5.3,3.1,4.1,Reject,0,Reject
SB0426,Bolt,70,65,8.4,5.1,5.9,Select,1,Reject
SB0427,Bolt,47,40,7.9,5.3,6.4,Select,1,Select
SB0428,Screw,34,31,4.8,4.2,5.0,Reject,0,Select
SB0429,Screw,31,30,5.0,3.4,4.4,Select,1,Select
SB0430,Screw,23,21,4.7,3.5,4.4,Reject,0,Reject
SB0431,Bolt,51,45,6.2,5.6,6.6,Select,1,Select
SB0432,Screw,29,28,5.6,3.2,4.1,Reject,0,Reject
SB0433,Screw,25,23,5.0,3.8,4.5,Select,1,Reject
SB0434,Bolt,70,64,6.6,5.1,6.0,Reject,0,Reject
SB0435,Bolt,52,49,7.8,5.8,6.8,Reject,0,Reject
SB0436,Bolt,52,49,7.8,4.8,5.9,Reject,0,Reject
SB0437,Screw,38,37,5.6,3.8,4.5,Reject,0,Reject
SB0438,Screw,34,33,4.5,4.3,5.1,Reject,0,Reject
SB0439,Bolt,59,53,7.5,5.4,6.3,Select,1,Select
SB0440,Bolt,59,55,8.0,5.6,6.5,Select,1,Select
SB0441,Screw,24,21,4.2,3.5,4.1,Select,1,Select
SB0442,Screw,36,32,4.8,3.2,3.9,Reject,0,Reject
SB0443,Screw,35,30,5.4,4.0,5.0,Select,1,Select
SB0444,Screw,35,32,4.3,3.5,4.2,Reject,0,Reject
SB0445,Screw,31,30,5.0,3.3,4.0,Reject,0,Reject
SB0446,Bolt,53,47,7.0,5.8,6.8,Select,1,Reject
SB0447,Screw,38,37,5.6,3.3,3.8,Select,1,Select
SB0448,Screw,37,34,4.3,3.7,4.6,Reject,0,Reject
SB0449,Bolt,57,50,6.3,4.7,5.8,Select,1,Select
SB0450,Bolt,57,54,7.9,5.2,6.1,Reject,0,Reject
SB0451,Bolt,43,39,6.7,6.0,7.0,Reject,0,Reject
SB0452,Bolt,67,64,7.1,6.0,7.1,Reject,0,Select
SB0453,Screw,26,21,5.4,4.3,5.1,Reject,0,Reject
SB0454,Bolt,45,38,6.3,4.8,5.7,Reject,0,Reject
SB0455,Screw,38,35,5.1,3.9,4.5,Select,1,Select
SB0456,Bolt,49,42,6.7,5.8,7.0,Select,1,Select
SB0457,Screw,24,20,5.8,4.5,5.4,Reject,0,Reject
SB0458,Screw,24,22,4.3,3.5,4.1,Reject,0,Reject
SB0459,Bolt,55,51,7.4,4.9,5.9,Select,1,Select
SB0460,Bolt,42,39,7.0,5.6,6.7,Select,1,Select
SB0461,Bolt,54,48,6.8,4.5,5.6,Reject,0,Reject
SB0462,Screw,34,31,5.7,4.2,4.9,Select,1,Select
SB0463,Bolt,66,62,7.2,5.0,5.9,Reject,0,Reject
SB0464,Screw,38,34,5.6,4.3,5.2,Select,1,Select
SB0465,Screw,23,19,4.0,4.4,5.0,Reject,0,Reject
SB0466,Bolt,40,34,6.5,5.5,6.4,Select,1,Select
SB0467,Bolt,45,40,6.2,5.0,5.8,Reject,0,Reject
SB0468,Screw,21,17,5.3,4.1,5.0,Select,1,Select
SB0469,Bolt,60,57,7.8,4.5,5.5,Select,1,Select
SB0470,Screw,38,36,5.0,3.7,4.2,Reject,0,Reject
SB0471,Bolt,66,63,8.5,5.1,6.0,Select,1,Select
SB0472,Screw,27,23,4.2,4.2,4.8,Reject,0,Reject
SB0473,Bolt,68,63,6.3,5.7,6.8,Select,1,Select
SB0474,Screw,40,38,4.1,3.8,4.6,Reject,0,Reject
SB0475,Screw,34,31,5.4,3.9,4.5,Select,1,Select
SB0476,Bolt,59,53,8.1,4.6,5.4,Reject,0,Reject
SB0477,Screw,38,34,4.7,3.6,4.5,Select,1,Select
SB0478,Screw,28,27,4.5,3.9,4.8,Reject,0,Reject
SB0479,Bolt,64,61,8.1,5.5,6.4,Select,1,Select
SB0480,Screw,32,29,5.3,4.2,5.1,Reject,0,Reject
SB0481,Screw,35,31,4.2,3.7,4.5,Reject,0,Reject
SB0482,Screw,31,28,4.3,4.3,5.1,Reject,0,Reject
SB0483,Bolt,57,53,7.9,5.9,7.0,Select,1,Select
SB0484,Screw,38,37,4.0,3.3,4.3,Reject,0,Select
SB0485,Bolt,56,51,7.6,5.3,6.3,Select,1,Select
SB0486,Bolt,42,35,7.3,4.7,5.5,Reject,0,Reject
SB0487,Screw,36,34,5.9,3.2,3.9,Select,1,Reject
SB0488,Screw,29,25,5.5,4.3,4.8,Reject,0,Reject
SB0489,Screw,33,32,4.9,3.9,4.6,Select,1,Select
SB0490,Screw,23,22,5.4,4.1,4.7,Select,1,Select
SB0491,Bolt,56,49,8.0,5.6,6.5,Reject,0,Select
SB0492,Screw,28,27,5.5,3.0,3.9,Select,1,Select
SB0493,Bolt,56,53,6.7,6.0,7.1,Select,1,Select
SB0494,Bolt,54,47,6.9,5.2,6.2,Reject,0,Select
SB0495,Bolt,45,40,7.9,5.8,6.9,Select,1,Reject
SB0496,Screw,27,22,4.0,4.3,4.8,Select,1,Select
SB0497,Screw,35,32,4.8,3.2,4.2,Select,1,Select
SB0498,Screw,37,33,4.4,3.4,4.4,Reject,0,Reject
SB0499,Bolt,48,45,7.4,4.7,5.8,Select,1,Select
SB0500,Screw,25,23,5.6,4.5,5.5,Reject,0,Reject
SB0501,Screw,34,31,5.5,3.5,4.0,Select,1,Select
SB0502,Bolt,40,35,6.5,5.3,6.2,Select,1,Reject
SB0503,Screw,34,31,5.2,3.7,4.6,Select,1,Select
SB0504,Screw,37,35,4.3,4.4,4.9,Reject,0,Reject
SB0505,Bolt,60,57,8.4,4.5,5.6,Select,1,Select
SB0506,Bolt,43,39,7.3,4.9,5.9,Select,1,Select
SB0507,Screw,24,21,4.2,4.4,5.3,Reject,0,Reject
SB0508,Bolt,62,57,7.1,5.6,6.6,Select,1,Select
SB0509,Screw,40,36,4.1,3.9,4.6,Reject,0,Reject
SB0510,Screw,27,24,4.5,3.5,4.4,Reject,0,Reject
SB0511,Bolt,50,44,6.7,4.6,5.5,Select,1,Reject
SB0512,Screw,24,23,4.3,3.7,4.4,Reject,0,Reject
SB0513,Bolt,70,66,7.1,5.2,6.3,Select,1,Select
SB0514,Screw,25,22,5.7,4.0,4.5,Reject,0,Reject
SB0515,Bolt,44,41,7.8,6.0,7.0,Reject,0,Reject
SB0516,Screw,29,26,5.6,3.3,4.3,Select,1,Select
SB0517,Bolt,57,50,6.6,5.2,6.3,Reject,0,Reject
SB0518,Screw,23,22,4.1,4.2,4.8,Reject,0,Reject
SB0519,Screw,32,29,5.4,4.4,4.9,Reject,0,Reject
SB0520,Bolt,69,66,6.1,4.6,5.8,Reject,0,Reject
SB0521,Bolt,65,61,6.2,5.8,6.9,Reject,0,Reject
SB0522,Screw,21,17,4.1,4.4,5.1,Select,1,Reject
SB0523,Bolt,55,52,7.0,5.1,6.0,Reject,0,Select
SB0524,Screw,28,25,4.9,3.2,4.0,Select,1,Select
SB0525,Screw,40,37,5.0,4.3,5.0,Reject,0,Reject
SB0526,Screw,28,24,4.3,3.3,4.2,Select,1,Select
SB0527,Screw,40,35,5.6,4.5,5.4,Select,1,Reject
SB0528,Bolt,55,48,8.0,5.0,6.0,Reject,0,Select
SB0529,Bolt,52,47,6.4,5.0,5.9,Reject,0,Reject
SB0530,Bolt,41,35,7.3,5.7,6.9,Reject,0,Select
SB0531,Screw,23,21,5.3,3.4,4.3,Select,1,Select
SB0532,Screw,27,22,5.7,4.2,4.9,Reject,0,Reject
SB0533,Screw,25,23,5.2,4.2,5.0,Select,1,Select
SB0534,Screw,31,26,5.1,3.8,4.4,Select,1,Select
SB0535,Bolt,57,52,6.4,4.6,5.4,Select,1,Reject
SB0536,Screw,20,15,5.0,3.5,4.3,Reject,0,Reject
SB0537,Screw,30,28,5.8,4.3,5.0,Reject,0,Reject
SB0538,Screw,24,19,5.4,3.2,3.8,Select,1,Select
SB0539,Bolt,70,67,6.9,5.9,6.9,Select,1,Select
SB0540,Screw,30,27,4.6,4.5,5.4,Reject,0,Reject
SB0541,Bolt,65,59,7.6,4.8,6.0,Select,1,Select
SB0542,Bolt,47,40,8.0,5.1,6.2,Reject,0,Reject
SB0543,Bolt,44,40,7.8,5.9,7.1,Select,1,Reject
SB0544,Bolt,67,60,6.1,5.4,6.6,Reject,0,Reject
SB0545,Screw,40,35,4.2,3.7,4.4,Select,1,Select
SB0546,Screw,27,24,6.0,3.3,4.2,Reject,0,Reject
SB0547,Screw,40,37,4.9,3.4,4.0,Select,1,Select
SB0548,Screw,31,28,5.6,4.1,4.6,Reject,0,Reject
SB0549,Bolt,63,57,8.4,5.8,6.8,Reject,0,Reject
SB0550,Bolt,51,44,6.9,5.7,6.8,Select,1,Reject
SB0551,Screw,25,21,4.1,4.3,4.9,Select,1,Select
SB0552,Bolt,48,45,6.2,4.8,5.8,Reject,0,Reject
SB0553,Screw,37,36,4.7,4.5,5.4,Select,1,Select
SB0554,Screw,33,31,5.2,3.7,4.2,Reject,0,Reject
SB0555,Bolt,46,42,7.0,5.3,6.5,Select,1,Select
SB0556,Bolt,61,56,6.7,4.6,5.6,Reject,0,Reject
SB0557,Bolt,44,41,6.9,5.1,6.0,Reject,0,Reject
SB0558,Bolt,46,43,6.1,4.8,5.7,Reject,0,Reject
SB0559,Screw,35,34,4.6,3.6,4.3,Reject,0,Reject
SB0560,Bolt,42,35,7.0,5.1,6.1,Reject,0,Reject
SB0561,Screw,34,33,4.5,3.7,4.3,Reject,0,Reject
SB0562,Bolt,58,55,6.4,5.5,6.3,Select,1,Select
SB0563,Bolt,65,58,7.0,5.6,6.5,Select,1,Select
SB0564,Screw,32,27,4.8,3.8,4.7,Select,1,Select
SB0565,Bolt,58,54,7.2,4.6,5.8,Reject,0,Reject
SB0566,Screw,36,31,5.8,4.2,5.0,Reject,0,Reject
SB0567,Screw,23,19,4.3,4.5,5.5,Reject,0,Reject
SB0568,Screw,24,23,4.8,4.5,5.2,Reject,0,Reject
SB0569,Screw,39,36,4.6,4.1,5.0,Select,1,Select
SB0570,Screw,32,27,4.8,3.5,4.1,Select,1,Select
SB0571,Bolt,69,66,8.0,5.4,6.4,Reject,0,Reject
SB0572,Bolt,43,37,6.4,5.3,6.3,Select,1,Select
SB0573,Screw,23,18,5.6,4.2,5.1,Select,1,Select
SB0574,Bolt,68,62,6.7,5.5,6.5,Reject,0,Reject
SB0575,Bolt,41,37,6.7,4.7,5.7,Select,1,Select
SB0576,Bolt,41,35,8.2,5.0,5.9,Reject,0,Reject
SB0577,Bolt,69,64,8.2,4.5,5.6,Select,1,Select
SB0578,Bolt,49,44,8.1,5.8,6.9,Reject,0,Reject
SB0579,Screw,24,21,5.9,3.7,4.6,Reject,0,Select
SB0580,Bolt,63,57,7.5,4.6,5.6,Reject,0,Reject
SB0581,Bolt,63,57,7.9,5.8,6.9,Reject,0,Reject
SB0582,Screw,22,19,5.4,3.6,4.5,Select,1,Select
SB0583,Screw,25,23,5.8,3.3,3.8,Reject,0,Reject
SB0584,Screw,34,33,5.8,4.1,4.7,Reject,0,Reject
SB0585,Bolt,56,50,7.6,4.7,5.5,Reject,0,Select
SB0586,Bolt,55,48,7.1,5.9,6.9,Select,1,Select
SB0587,Bolt,51,47,8.1,4.9,6.0,Reject,0,Reject
SB0588,Screw,29,28,4.8,3.2,4.0,Select,1,Reject
SB0589,Screw,27,25,5.4,3.4,4.1,Reject,0,Reject
SB0590,Screw,20,16,5.8,4.0,4.8,Select,1,Select
SB0591,Screw,27,24,5.2,4.4,5.3,Select,1,Select
SB0592,Bolt,53,47,8.1,5.2,6.1,Reject,0,Reject
SB0593,Bolt,61,54,8.1,5.1,5.9,Select,1,Select
SB0594,Bolt,57,50,7.5,4.9,5.7,Reject,0,Reject
SB0595,Screw,30,27,5.3,4.3,4.9,Reject,0,Reject
SB0596,Bolt,46,42,7.3,4.9,5.7,Reject,0,Reject
SB0597,Bolt,61,56,7.7,5.6,6.7,Select,1,Select
SB0598,Bolt,48,42,7.0,5.6,6.6,Select,1,Select
SB0599,Screw,30,28,5.4,4.0,4.7,Reject,0,Reject
SB0600,Bolt,56,51,8.1,5.8,7.0,Reject,0,Select
SB0601,Screw,29,28,4.9,4.1,5.0,Select,1,Select
SB0602,Screw,30,29,4.4,3.3,4.2,Reject,0,Select
SB0603,Bolt,65,60,6.9,5.4,6.4,Reject,0,Reject
SB0604,Screw,35,34,5.7,3.9,4.9,Reject,0,Select
SB0605,Screw,35,33,5.0,4.3,5.0,Select,1,Select
SB0606,Bolt,53,50,8.2,4.7,5.9,Select,1,Select
SB0607,Bolt,53,46,8.2,6.0,6.9,Select,1,Select
SB0608,Screw,22,18,4.7,4.5,5.2,Reject,0,Reject
SB0609,Screw,20,16,4.5,4.1,4.7,Reject,0,Reject
SB0610,Screw,35,34,4.3,3.7,4.4,Reject,0,Reject
SB0611,Bolt,70,64,7.0,4.6,5.5,Select,1,Select
SB0612,Bolt,70,67,8.2,5.6,6.6,Reject,0,Reject
SB0613,Screw,20,18,4.5,4.3,5.0,Reject,0,Reject
SB0614,Screw,32,27,5.2,3.3,4.2,Reject,0,Reject
SB0615,Bolt,70,65,7.1,5.3,6.3,Reject,0,Reject
SB0616,Bolt,68,64,6.9,5.9,6.8,Select,1,Select
SB0617,Screw,25,21,4.0,3.3,4.3,Select,1,Select
SB0618,Screw,20,15,5.0,3.2,4.1,Reject,0,Reject
SB0619,Screw,32,29,5.5,3.9,4.7,Select,1,Select
SB0620,Screw,23,22,4.1,3.2,3.9,Select,1,Select
SB0621,Screw,37,34,4.9,3.2,4.0,Reject,0,Reject
SB0622,Screw,29,25,5.3,4.0,4.6,Reject,0,Select
SB0623,Screw,33,32,5.0,3.9,4.5,Select,1,Select
SB0624,Screw,35,33,5.2,4.2,5.1,Reject,0,Reject
SB0625,Screw,31,27,4.6,3.1,3.8,Select,1,Select
SB0626,Screw,35,32,4.5,3.0,3.5,Reject,0,Reject
SB0627,Screw,38,34,4.3,3.1,3.9,Select,1,Reject
SB0628,Screw,28,26,4.9,4.5,5.1,Reject,0,Reject
SB0629,Screw,23,21,5.7,4.3,5.0,Select,1,Select
SB0630,Bolt,53,50,6.2,5.6,6.4,Select,1,Select
SB0631,Screw,40,38,4.7,4.3,5.3,Select,1,Select
SB0632,Bolt,68,65,6.9,5.0,5.8,Reject,0,Reject
SB0633,Bolt,70,64,6.7,5.1,6.2,Select,1,Reject
SB0634,Bolt,60,56,6.3,5.5,6.3,Select,1,Select
SB0635,Screw,23,19,5.8,3.7,4.5,Reject,0,Reject
SB0636,Bolt,45,38,6.9,5.0,5.8,Reject,0,Reject
SB0637,Screw,35,31,4.2,3.6,4.1,Select,1,Select
SB0638,Bolt,60,55,6.0,5.8,6.8,Select,1,Select
SB0639,Screw,30,25,5.0,4.1,4.6,Reject,0,Reject
SB0640,Screw,35,32,5.3,4.0,4.6,Reject,0,Reject
SB0641,Screw,20,18,5.0,3.7,4.4,Reject,0,Reject
SB0642,Screw,22,18,4.6,3.5,4.1,Reject,0,Reject
SB0643,Screw,37,33,4.8,3.4,4.1,Reject,0,Reject
SB0644,Bolt,42,36,7.1,4.7,5.7,Select,1,Select
SB0645,Screw,23,19,4.8,3.8,4.3,Reject,0,Reject
SB0646,Screw,39,34,5.3,4.3,5.1,Select,1,Select
SB0647,Bolt,70,65,6.9,4.6,5.5,Select,1,Select
SB0648,Bolt,50,43,7.9,5.4,6.5,Select,1,Select
SB0649,Bolt,62,56,6.3,5.6,6.5,Reject,0,Reject
SB0650,Bolt,51,46,7.4,5.1,5.9,Select,1,Reject
SB0651,Screw,35,33,5.6,4.1,4.8,Select,1,Reject
SB0652,Bolt,59,55,6.5,5.9,6.9,Reject,0,Reject
SB0653,Bolt,66,62,7.8,4.7,5.7,Select,1,Reject
SB0654,Screw,34,30,5.3,4.4,5.0,Select,1,Select
SB0655,Bolt,40,33,7.8,5.3,6.3,Reject,0,Reject
SB0656,Bolt,69,62,8.0,5.9,7.0,Select,1,Select
SB0657,Screw,24,23,4.8,3.9,4.8,Select,1,Reject
SB0658,Bolt,53,46,8.3,5.6,6.5,Select,1,Select
SB0659,Bolt,49,43,8.0,4.7,5.7,Reject,0,Reject
SB0660,Bolt,66,59,8.2,5.6,6.8,Reject,0,Reject
SB0661,Screw,26,24,5.2,3.4,4.1,Reject,0,Select
SB0662,Screw,40,38,5.0,4.0,4.7,Select,1,Select
SB0663,Screw,31,26,5.0,3.9,4.7,Select,1,Select
SB0664,Bolt,61,54,6.7,5.8,6.9,Reject,0,Reject
SB0665,Screw,20,16,4.3,4.0,4.6,Select,1,Select
SB0666,Screw,29,26,4.3,3.1,4.0,Select,1,Select
SB0667,Screw,37,36,4.7,3.7,4.5,Reject,0,Reject
SB0668,Screw,40,35,4.8,3.8,4.7,Reject,0,Reject
SB0669,Bolt,62,59,8.3,5.1,6.3,Select,1,Reject
SB0670,Bolt,70,63,6.1,5.6,6.5,Select,1,Select
SB0671,Bolt,66,62,8.3,5.6,6.7,Select,1,Reject
SB0672,Screw,26,23,4.9,4.5,5.0,Reject,0,Reject
SB0673,Screw,36,35,4.8,3.6,4.4,Reject,0,Reject
SB0674,Screw,25,20,5.7,3.0,3.7,Reject,0,Reject
SB0675,Screw,21,19,5.9,3.9,4.8,Reject,0,Reject
SB0676,Bolt,55,48,7.4,4.6,5.7,Select,1,Select
SB0677,Screw,25,20,4.1,3.8,4.5,Reject,0,Reject
SB0678,Bolt,42,37,6.6,4.8,5.7,Reject,0,Select
SB0679,Bolt,49,45,8.4,5.4,6.4,Reject,0,Reject
SB0680,Screw,23,20,4.9,4.4,5.2,Reject,0,Reject
SB0681,Screw,21,18,4.8,4.2,4.8,Reject,0,Reject
SB0682,Bolt,57,52,6.1,5.3,6.4,Select,1,Select
SB0683,Bolt,55,52,6.7,5.5,6.4,Select,1,Select
SB0684,Screw,23,21,5.9,4.2,5.0,Reject,0,Reject
SB0685,Screw,26,24,5.7,3.6,4.2,Select,1,Select
SB0686,Bolt,60,57,7.9,4.7,5.7,Reject,0,Reject
SB0687,Bolt,41,38,6.2,4.8,5.7,Reject,0,Reject
SB0688,Screw,38,36,5.8,3.6,4.3,Select,1,Reject
SB0689,Bolt,53,48,6.0,5.5,6.5,Select,1,Select
SB0690,Screw,38,37,5.4,3.1,4.1,Reject,0,Reject
SB0691,Screw,29,26,5.2,3.4,4.4,Reject,0,Reject
SB0692,Bolt,52,49,7.2,5.3,6.2,Reject,0,Reject
SB0693,Bolt,65,58,6.7,5.5,6.4,Select,1,Select
SB0694,Bolt,70,67,7.4,5.3,6.1,Reject,0,Reject
SB0695,Screw,38,33,4.8,3.8,4.3,Reject,0,Reject
SB0696,Screw,31,29,4.8,4.0,4.8,Reject,0,Select
SB0697,Screw,25,23,5.2,3.4,4.0,Select,1,Select
SB0698,Screw,37,33,5.3,3.1,3.9,Reject,0,Reject
SB0699,Bolt,43,39,7.8,5.2,6.1,Reject,0,Reject
SB0700,Screw,40,38,4.2,3.9,4.9,Select,1,Select
SB0701,Bolt,55,49,6.8,5.5,6.6,Reject,0,Reject
SB0702,Screw,38,33,4.7,3.5,4.2,Reject,0,Reject
SB0703,Screw,30,28,5.6,4.1,4.9,Select,1,Select
SB0704,Bolt,66,61,6.3,5.6,6.8,Reject,0,Reject
SB0705,Bolt,54,49,7.9,5.2,6.0,Select,1,Select
SB0706,Screw,28,26,5.8,3.3,4.2,Select,1,Select
SB0707,Screw,22,21,5.7,3.9,4.8,Reject,0,Reject
SB0708,Bolt,64,57,6.5,4.6,5.5,Reject,0,Reject
SB0709,Bolt,60,56,6.9,4.8,5.9,Reject,0,Reject
SB0710,Bolt,44,38,7.3,4.6,5.5,Reject,0,Reject
SB0711,Screw,27,22,5.4,4.1,4.7,Select,1,Select
SB0712,Screw,25,20,5.9,4.0,5.0,Reject,0,Reject
SB0713,Bolt,70,65,6.1,5.6,6.5,Select,1,Select
SB0714,Bolt,51,47,6.1,4.8,6.0,Reject,0,Reject
SB0715,Bolt,52,46,8.3,5.8,6.6,Reject,0,Reject
SB0716,Bolt,43,36,7.6,4.9,6.0,Reject,0,Reject
SB0717,Screw,32,28,4.7,4.0,4.9,Select,1,Reject
SB0718,Bolt,52,48,7.3,5.0,6.1,Reject,0,Reject
SB0719,Bolt,65,59,8.2,4.5,5.7,Reject,0,Reject
SB0720,Bolt,45,41,6.2,5.5,6.4,Reject,0,Reject
SB0721,Screw,25,22,5.2,4.2,5.0,Reject,0,Reject
SB0722,Bolt,65,60,7.8,5.2,6.2,Select,1,Reject
SB0723,Screw,38,36,5.3,3.6,4.2,Reject,0,Reject
SB0724,Screw,38,33,4.3,3.9,4.4,Select,1,Reject
SB0725,Screw,21,19,4.5,3.3,4.3,Select,1,Select
SB0726,Screw,29,28,4.4,3.9,4.6,Select,1,Select
SB0727,Bolt,45,41,8.1,5.4,6.5,Select,1,Select
SB0728,Screw,39,34,4.5,4.1,4.8,Select,1,Select
SB0729,Bolt,59,52,6.2,5.1,6.0,Select,1,Reject
SB0730,Screw,26,21,5.7,3.8,4.5,Reject,0,Reject
SB0731,Screw,39,38,4.4,4.4,5.2,Select,1,Select
SB0732,Screw,22,18,5.3,4.4,5.2,Select,1,Select
SB0733,Screw,40,36,5.0,3.6,4.1,Select,1,Select
SB0734,Bolt,47,41,8.0,5.1,6.1,Reject,0,Reject
SB0735,Screw,33,31,4.5,4.1,5.1,Reject,0,Reject
SB0736,Screw,29,24,5.8,3.6,4.2,Select,1,Select
SB0737,Screw,38,33,4.2,3.0,3.8,Reject,0,Reject
SB0738,Bolt,53,48,6.3,5.1,6.1,Select,1,Select
SB0739,Bolt,67,60,7.1,5.0,5.9,Select,1,Select
SB0740,Bolt,64,60,7.0,5.7,6.7,Reject,0,Reject
SB0741,Bolt,57,50,7.2,6.0,7.0,Select,1,Reject
SB0742,Bolt,63,59,8.1,5.5,6.6,Reject,0,Select
SB0743,Bolt,65,61,6.3,5.3,6.4,Reject,0,Reject
SB0744,Screw,25,21,5.9,3.0,3.5,Select,1,Select
SB0745,Screw,35,30,4.9,3.1,3.7,Select,1,Select
SB0746,Screw,39,38,5.4,4.4,5.1,Reject,0,Select
SB0747,Bolt,62,55,6.1,5.7,6.6,Select,1,Select
SB0748,Bolt,54,51,6.5,5.5,6.6,Select,1,Select
SB0749,Bolt,46,43,8.0,5.3,6.4,Select,1,Select
SB0750,Screw,21,18,4.5,3.0,3.6,Reject,0,Reject
SB0751,Bolt,64,58,6.9,5.1,6.1,Reject,0,Reject
SB0752,Screw,22,21,5.1,4.1,4.9,Select,1,Select
SB0753,Bolt,51,46,6.6,5.9,6.9,Reject,0,Reject
SB0754,Bolt,58,55,6.7,5.1,5.9,Reject,0,Select
SB0755,Screw,36,33,4.7,3.2,4.0,Reject,0,Reject
SB0756,Bolt,68,61,8.0,5.4,6.5,Reject,0,Reject
SB0757,Bolt,58,52,7.9,5.6,6.8,Reject,0,Reject
SB0758,Bolt,61,55,8.2,5.8,6.8,Select,1,Select
SB0759,Bolt,42,36,7.6,6.0,7.1,Select,1,Select
SB0760,Screw,30,26,5.9,3.8,4.3,Select,1,Select
SB0761,Bolt,47,42,6.2,5.5,6.6,Reject,0,Reject
SB0762,Screw,37,35,5.0,3.5,4.4,Reject,0,Reject
SB0763,Bolt,45,41,7.2,4.8,5.9,Select,1,Select
SB0764,Bolt,46,42,6.5,4.9,5.9,Reject,0,Reject
SB0765,Screw,23,22,5.8,4.0,4.8,Select,1,Reject
SB0766,Screw,37,36,5.7,3.6,4.3,Select,1,Select
SB0767,Bolt,55,51,8.5,5.9,6.8,Select,1,Select
SB0768,Screw,38,36,4.1,4.2,4.9,Reject,0,Select
SB0769,Screw,36,33,4.8,4.0,4.6,Reject,0,Reject
SB0770,Screw,36,32,4.6,3.0,3.8,Select,1,Select
SB0771,Bolt,58,55,6.8,5.4,6.3,Select,1,Select
SB0772,Bolt,47,42,7.2,5.4,6.3,Select,1,Select
SB0773,Bolt,53,49,7.0,5.6,6.5,Select,1,Select
SB0774,Bolt,48,42,6.4,4.7,5.7,Reject,0,Reject
SB0775,Screw,23,20,5.6,3.8,4.7,Reject,0,Reject
SB0776,Screw,24,22,4.9,3.0,3.7,Select,1,Select
SB0777,Screw,40,35,5.1,3.5,4.2,Select,1,Select
SB0778,Bolt,57,50,6.1,4.6,5.5,Reject,0,Reject
SB0779,Screw,28,24,5.7,3.1,4.0,Reject,0,Reject
SB0780,Bolt,51,46,7.4,5.9,6.8,Select,1,Reject
SB0781,Screw,33,32,4.7,4.0,4.8,Select,1,Select
SB0782,Screw,29,26,4.7,3.8,4.7,Select,1,Select
SB0783,Bolt,68,65,7.0,4.9,6.0,Reject,0,Reject
SB0784,Screw,25,22,4.8,3.9,4.6,Reject,0,Reject
SB0785,Screw,22,20,4.7,3.5,4.3,Reject,0,Select
SB0786,Bolt,59,53,6.7,5.2,6.3,Select,1,Select
SB0787,Bolt,63,56,7.3,5.2,6.1,Select,1,Select
SB0788,Screw,24,22,5.3,4.4,5.3,Reject,0,Reject
SB0789,Screw,26,24,4.8,3.1,4.1,Reject,0,Reject
SB0790,Bolt,57,54,6.1,5.1,6.2,Select,1,Select
SB0791,Screw,23,20,5.2,3.1,4.1,Reject,0,Reject
SB0792,Bolt,49,45,6.6,4.9,6.0,Reject,0,Reject
SB0793,Screw,36,34,4.1,4.0,4.9,Select,1,Select
SB0794,Bolt,67,61,7.2,5.8,7.0,Reject,0,Reject
SB0795,Bolt,44,37,6.4,5.4,6.5,Select,1,Select
SB0796,Bolt,56,49,6.8,5.0,6.0,Select,1,Select
SB0797,Screw,34,31,4.7,3.4,4.1,Select,1,Select
SB0798,Screw,36,34,4.7,3.7,4.2,Select,1,Select
SB0799,Bolt,70,64,6.7,5.6,6.7,Select,1,Select
SB0800,Screw,20,15,4.7,3.6,4.4,Select,1,Select
SB0801,Bolt,47,43,7.8,5.5,6.6,Select,1,Reject
SB0802,Screw,28,27,4.8,3.4,4.3,Reject,0,Reject
SB0803,Bolt,49,42,8.0,5.1,6.2,Select,1,Reject
SB0804,Screw,24,21,4.2,3.7,4.4,Select,1,Select
SB0805,Bolt,46,41,6.0,4.6,5.6,Reject,0,Reject
SB0806,Screw,23,20,4.5,4.1,5.0,Reject,0,Reject
SB0807,Screw,22,20,4.0,3.3,4.0,Reject,0,Reject
SB0808,Bolt,51,45,7.7,4.5,5.3,Select,1,Select
SB0809,Screw,21,18,5.6,3.1,3.8,Reject,0,Reject
SB0810,Screw,28,24,5.7,3.2,4.1,Select,1,Select
SB0811,Screw,32,28,4.5,4.5,5.1,Select,1,Reject
SB0812,Screw,36,34,4.9,4.0,4.7,Select,1,Select
SB0813,Bolt,45,42,7.9,5.3,6.1,Select,1,Select
SB0814,Bolt,60,55,6.5,5.8,6.9,Reject,0,Select
SB0815,Screw,23,21,5.3,3.5,4.1,Reject,0,Reject
SB0816,Bolt,58,55,7.0,4.9,6.1,Select,1,Select
SB0817,Bolt,62,55,6.4,5.7,6.6,Select,1,Select
SB0818,Bolt,42,35,6.8,6.0,7.1,Select,1,Select
SB0819,Screw,21,18,5.3,4.1,5.0,Reject,0,Reject
SB0820,Screw,35,33,4.6,3.8,4.6,Select,1,Select
SB0821,Bolt,65,59,7.8,4.5,5.5,Select,1,Reject
SB0822,Screw,28,27,5.0,3.7,4.3,Reject,0,Reject
SB0823,Bolt,46,39,6.5,5.0,6.1,Reject,0,Reject
SB0824,Bolt,67,60,8.3,5.3,6.1,Select,1,Reject
SB0825,Screw,34,31,5.6,3.8,4.5,Reject,0,Reject
SB0826,Bolt,63,59,8.2,5.4,6.3,Reject,0,Reject
SB0827,Screw,30,29,5.3,3.8,4.5,Select,1,Select
SB0828,Bolt,64,57,6.4,4.9,5.9,Reject,0,Reject
SB0829,Bolt,43,40,7.3,4.6,5.7,Select,1,Select
SB0830,Screw,25,24,4.4,3.7,4.2,Reject,0,Reject
SB0831,Bolt,61,55,7.3,5.6,6.5,Select,1,Select
SB0832,Bolt,47,40,7.8,4.5,5.7,Select,1,Select
SB0833,Bolt,69,66,7.2,5.5,6.4,Select,1,Select
SB0834,Bolt,66,61,8.0,4.6,5.6,Reject,0,Reject
SB0835,Screw,22,19,4.2,3.3,4.1,Select,1,Select
SB0836,Screw,27,22,4.8,3.3,4.1,Reject,0,Reject
SB0837,Screw,37,32,4.8,3.2,4.0,Select,1,Reject
SB0838,Bolt,61,55,7.8,5.1,5.9,Select,1,Select
SB0839,Screw,37,33,5.0,4.0,4.8,Reject,0,Reject
SB0840,Bolt,69,64,8.3,5.3,6.5,Select,1,Select
SB0841,Bolt,53,47,8.1,5.0,5.9,Select,1,Select
SB0842,Screw,32,27,5.9,3.4,4.4,Reject,0,Reject
SB0843,Bolt,70,64,6.0,4.6,5.5,Select,1,Select
SB0844,Screw,36,34,6.0,3.5,4.2,Select,1,Select
SB0845,Screw,26,23,4.0,4.2,5.0,Select,1,Select
SB0846,Bolt,69,62,7.3,5.4,6.4,Select,1,Select
SB0847,Screw,21,17,4.7,3.2,3.9,Reject,0,Reject
SB0848,Screw,27,24,5.6,3.1,3.8,Reject,0,Reject
SB0849,Screw,22,19,5.6,3.3,4.2,Select,1,Select
SB0850,Screw,39,36,4.1,4.2,4.9,Reject,0,Select
SB0851,Screw,30,27,5.8,3.7,4.7,Select,1,Select
SB0852,Screw,27,22,5.9,4.0,4.8,Reject,0,Reject
SB0853,Screw,29,24,4.1,3.8,4.4,Select,1,Select
SB0854,Screw,24,23,5.3,4.5,5.5,Select,1,Reject
SB0855,Screw,27,23,4.6,3.6,4.2,Select,1,Select
SB0856,Screw,35,30,5.5,3.8,4.4,Select,1,Select
SB0857,Bolt,56,50,7.9,4.7,5.6,Select,1,Select
SB0858,Screw,35,31,5.3,3.3,4.1,Select,1,Select
SB0859,Screw,27,26,4.5,3.6,4.4,Reject,0,Select
SB0860,Screw,23,19,4.8,3.5,4.2,Select,1,Reject
SB0861,Screw,29,27,6.0,3.9,4.9,Reject,0,Reject
SB0862,Bolt,59,55,7.1,5.9,6.8,Select,1,Reject
SB0863,Bolt,44,41,6.3,4.6,5.8,Reject,0,Reject
SB0864,Screw,29,28,4.7,4.2,4.9,Reject,0,Reject
SB0865,Bolt,40,35,6.5,5.3,6.2,Reject,0,Reject
SB0866,Bolt,57,51,7.6,6.0,7.1,Select,1,Reject
SB0867,Screw,32,27,5.8,3.8,4.4,Select,1,Select
SB0868,Screw,29,27,5.6,3.9,4.4,Reject,0,Reject
SB0869,Screw,22,18,5.3,4.0,5.0,Select,1,Select
SB0870,Bolt,67,64,6.0,5.8,6.9,Reject,0,Reject
SB0871,Screw,32,27,6.0,3.1,3.8,Select,1,Select
SB0872,Screw,25,23,5.0,3.7,4.7,Reject,0,Reject
SB0873,Screw,21,19,5.8,3.5,4.2,Reject,0,Reject
SB0874,Screw,20,17,5.4,3.5,4.2,Select,1,Select
SB0875,Bolt,65,62,7.6,5.8,7.0,Reject,0,Reject
SB0876,Screw,37,34,4.5,3.5,4.2,Select,1,Select
SB0877,Screw,22,18,5.0,4.0,4.9,Reject,0,Select
SB0878,Screw,33,31,5.1,3.6,4.3,Reject,0,Reject
SB0879,Bolt,54,47,6.3,5.5,6.5,Select,1,Select
SB0880,Screw,24,21,5.4,4.3,5.3,Select,1,Select
SB0881,Bolt,69,65,7.6,5.3,6.2,Select,1,Select
SB0882,Screw,37,32,5.9,3.2,3.9,Reject,0,Reject
SB0883,Screw,20,17,5.8,3.6,4.3,Select,1,Select
SB0884,Bolt,63,58,6.4,4.8,5.7,Reject,0,Reject
SB0885,Screw,39,34,4.5,3.9,4.5,Reject,0,Select
SB0886,Screw,27,26,4.7,4.0,4.7,Select,1,Select
SB0887,Bolt,62,57,6.5,5.1,6.1,Select,1,Select
SB0888,Screw,26,24,4.1,4.1,4.6,Reject,0,Reject
SB0889,Bolt,70,64,6.6,5.5,6.4,Reject,0,Reject
SB0890,Screw,22,20,5.9,4.5,5.4,Select,1,Select
SB0891,Bolt,62,57,8.2,5.8,6.8,Select,1,Select
SB0892,Screw,39,35,5.4,3.6,4.6,Select,1,Select
SB0893,Screw,36,35,4.9,4.2,4.7,Select,1,Reject
SB0894,Screw,36,31,4.8,4.1,4.9,Select,1,Reject
SB0895,Screw,26,23,4.9,4.3,5.2,Reject,0,Reject
SB0896,Bolt,54,50,7.1,5.4,6.2,Reject,0,Reject
SB0897,Screw,34,30,4.2,3.8,4.4,Reject,0,Reject
SB0898,Screw,32,28,4.6,3.0,3.7,Reject,0,Reject
SB0899,Screw,34,33,4.5,4.0,5.0,Select,1,Select
SB0900,Screw,23,22,4.2,3.7,4.4,Select,1,Reject
SB0901,Bolt,63,56,7.5,4.7,5.7,Select,1,Select
SB0902,Screw,25,22,5.1,4.0,4.6,Reject,0,Reject
SB0903,Screw,25,24,4.8,3.5,4.4,Reject,0,Select
SB0904,Bolt,49,45,6.3,4.7,5.6,Select,1,Select
SB0905,Bolt,40,34,7.2,5.2,6.3,Select,1,Select
SB0906,Bolt,47,43,7.5,5.2,6.2,Reject,0,Reject
SB0907,Screw,39,34,4.0,4.3,4.9,Reject,0,Select
SB0908,Screw,21,19,4.3,4.0,4.5,Select,1,Select
SB0909,Screw,38,33,4.6,4.4,4.9,Select,1,Select
SB0910,Bolt,45,41,7.7,5.4,6.5,Reject,0,Select
SB0911,Screw,34,29,4.7,3.1,4.0,Select,1,Select
SB0912,Bolt,51,45,8.1,5.6,6.7,Select,1,Select
SB0913,Screw,29,25,4.3,4.0,4.6,Select,1,Select
SB0914,Bolt,56,52,7.7,5.4,6.2,Reject,0,Reject
SB0915,Screw,35,30,5.9,4.5,5.1,Reject,0,Select
SB0916,Bolt,48,41,7.4,5.4,6.6,Reject,0,Reject
SB0917,Bolt,56,50,7.2,4.8,5.8,Reject,0,Reject
SB0918,Bolt,46,43,6.3,5.2,6.3,Reject,0,Reject
SB0919,Screw,39,35,4.8,3.5,4.3,Reject,0,Reject
SB0920,Screw,20,18,5.4,3.4,3.9,Reject,0,Reject
SB0921,Bolt,56,49,6.8,4.5,5.6,Select,1,Select
SB0922,Bolt,52,45,7.5,4.5,5.4,Select,1,Select
SB0923,Bolt,66,61,8.3,5.2,6.2,Select,1,Select
SB0924,Screw,40,38,5.0,3.9,4.8,Select,1,Select
SB0925,Bolt,54,48,8.3,4.6,5.6,Select,1,Select
SB0926,Bolt,57,50,6.0,5.4,6.3,Select,1,Select
SB0927,Bolt,42,38,6.7,4.5,5.7,Select,1,Select
SB0928,Screw,38,33,4.8,3.9,4.8,Reject,0,Reject
SB0929,Bolt,62,57,7.8,4.9,5.7,Reject,0,Reject
SB0930,Screw,31,27,5.7,3.5,4.3,Select,1,Select
SB0931,Screw,23,20,5.6,4.2,5.2,Select,1,Select
SB0932,Bolt,56,53,8.0,5.9,6.8,Reject,0,Reject
SB0933,Bolt,69,63,7.8,5.3,6.4,Select,1,Select
SB0934,Screw,23,18,5.4,3.2,4.1,Select,1,Select
SB0935,Bolt,52,45,6.3,5.0,5.8,Reject,0,Reject
SB0936,Screw,30,26,5.8,3.2,4.1,Select,1,Select
SB0937,Bolt,40,33,7.9,5.5,6.4,Reject,0,Select
SB0938,Screw,26,23,4.6,3.5,4.2,Select,1,Select
SB0939,Screw,28,26,4.3,3.2,4.2,Reject,0,Select
SB0940,Screw,26,21,4.7,3.5,4.1,Reject,0,Reject
SB0941,Bolt,58,54,6.4,5.0,6.2,Reject,0,Reject
SB0942,Bolt,41,37,6.1,5.9,6.7,Select,1,Select
SB0943,Bolt,41,38,7.1,4.8,5.8,Reject,0,Reject
SB0944,Bolt,59,54,6.8,5.7,6.8,Select,1,Select
SB0945,Screw,34,29,4.3,4.2,5.2,Select,1,Select
SB0946,Bolt,43,37,6.8,5.5,6.6,Select,1,Select
SB0947,Bolt,47,43,6.4,5.8,6.7,Select,1,Select
SB0948,Bolt,52,48,7.7,5.5,6.6,Reject,0,Select
SB0949,Bolt,54,48,6.1,5.2,6.1,Reject,0,Select
SB0950,Bolt,67,63,6.7,5.0,6.0,Select,1,Select
SB0951,Screw,32,31,4.7,4.0,4.9,Select,1,Select
SB0952,Bolt,52,45,7.0,5.4,6.4,Reject,0,Reject
SB0953,Bolt,52,49,6.9,5.7,6.7,Select,1,Select
SB0954,Bolt,58,53,7.4,4.9,6.0,Reject,0,Reject
SB0955,Screw,38,34,4.2,3.9,4.6,Select,1,Select
SB0956,Screw,34,32,4.6,3.6,4.4,Select,1,Select
SB0957,Bolt,50,44,7.6,4.6,5.5,Reject,0,Reject
SB0958,Screw,38,37,5.5,4.0,4.7,Select,1,Select
SB0959,Bolt,52,45,7.4,4.8,5.9,Reject,0,Reject
SB0960,Bolt,49,42,8.0,5.5,6.7,Select,1,Select
SB0961,Bolt,62,57,8.5,5.4,6.4,Select,1,Select
SB0962,Bolt,67,63,8.1,4.6,5.8,Select,1,Select
SB0963,Screw,20,15,5.6,3.5,4.4,Reject,0,Reject
SB0964,Screw,27,23,5.4,3.6,4.3,Select,1,Select
SB0965,Bolt,52,46,7.1,4.8,5.7,Select,1,Select
SB0966,Screw,26,21,4.8,4.4,5.3,Select,1,Select
SB0967,Screw,29,27,4.3,3.1,3.6,Select,1,Select
SB0968,Bolt,61,55,8.4,4.7,5.6,Reject,0,Reject
SB0969,Bolt,67,61,8.2,5.5,6.7,Reject,0,Reject
SB0970,Screw,34,29,4.8,4.2,4.9,Select,1,Select
SB0971,Screw,25,21,5.2,3.9,4.8,Reject,0,Reject
SB0972,Screw,36,33,4.8,3.8,4.5,Select,1,Select
SB0973,Screw,38,34,5.4,3.2,3.9,Select,1,Select
SB0974,Screw,24,19,6.0,4.5,5.4,Select,1,Reject
SB0975,Bolt,56,53,7.3,5.4,6.3,Reject,0,Reject
SB0976,Screw,40,35,5.6,3.5,4.0,Reject,0,Select
SB0977,Bolt,57,54,7.2,5.3,6.3,Reject,0,Reject
SB0978,Bolt,53,48,8.4,5.7,6.6,Reject,0,Select
SB0979,Screw,39,36,5.5,3.8,4.3,Reject,0,Reject
SB0980,Bolt,58,54,7.4,5.5,6.4,Reject,0,Reject
SB0981,Screw,29,25,4.2,3.8,4.7,Reject,0,Select
SB0982,Bolt,48,44,7.5,4.9,5.8,Reject,0,Reject
SB0983,Screw,39,37,5.8,4.1,4.9,Reject,0,Reject
SB0984,Bolt,65,61,6.7,5.6,6.6,Select,1,Select
SB0985,Screw,30,29,5.9,3.9,4.8,Reject,0,Reject
SB0986,Bolt,64,58,7.9,4.9,5.9,Reject,0,Reject
SB0987,Screw,26,21,5.5,3.5,4.3,Reject,0,Reject
SB0988,Screw,21,19,4.9,3.7,4.4,Reject,0,Reject
SB0989,Screw,32,28,4.9,3.2,4.1,Reject,0,Reject
SB0990,Screw,29,25,4.8,3.5,4.3,Reject,0,Reject
SB0991,Screw,23,18,5.3,4.4,5.1,Reject,0,Reject
SB0992,Bolt,50,45,6.7,4.6,5.7,Reject,0,Select
SB0993,Bolt,54,50,7.8,5.4,6.3,Reject,0,Reject
SB0994,Bolt,61,57,6.8,4.5,5.3,Reject,0,Reject
SB0995,Screw,20,16,4.2,3.2,3.9,Reject,0,Reject
SB0996,Screw,29,26,4.4,3.0,3.5,Select,1,Select
SB0997,Screw,39,38,5.4,3.2,4.1,Select,1,Select
SB0998,Screw,32,27,5.6,3.3,3.9,Reject,0,Reject
SB0999,Screw,28,25,4.9,4.4,5.2,Reject,0,Select
SB1000,Bolt,64,58,7.7,5.5,6.6,Select,1,Select
